ina_section,description,iv_finding,iv_overcome,niv_finding,niv_overcome,fiscal_year
101(a)(27)(D)(i) Unqualified,Special Immigrant,83,0,0,0,2024
203(c) Failure,to fulfill education and work experience requirement for Diversity Visa,1842,52,0,0,2024
204(a)(1)(I) Failure,to comply with Diversity Visa requirements/regulations,1379,45,0,0,2024
208(d)(6) Knowingly,made frivolous application for asylum,1,0,1,0,2024
212(a)(1)(A)(i) Communicable,Disease,191,228,12,4,2024
212(a)(1)(A)(ii) Immigrant,lacking required vaccinations,547,276,0,0,2024
212(a)(1)(A)(iii) Physical,or mental disorder,624,387,260,21,2024
212(a)(1)(A)(iv) Drug,Abuser or Addict,1771,1092,314,51,2024
212(a)(2)(A)(i)(I) Crime,Involving Moral Turpitude,1861,211,8175,2476,2024
212(a)(2)(A)(i)(II) Controlled,Substance Violators,645,37,5498,2014,2024
212(a)(2)(B) Multiple,Criminal Convictions,192,4,500,101,2024
212(a)(2)(C)(i) Illicit,Trafficker in Any Controlled Substance,525,3,3705,665,2024
"212(a)(2)(C)(ii) Spouse,","Son, or Daughter Who Benefited from Illicit Activities of Trafficker",35,6,813,26,2024
212(a)(2)(D)(i) Prostitution,(within 10 years),13,1,226,16,2024
212(a)(2)(D)(ii) Procuring,(within 10 years),1,0,21,0,2024
212(a)(2)(D)(iii) Unlawful,Commercialized Vice,3,0,5,0,2024
212(a)(2)(E) Asserted,immunity to avoid prosecution,0,0,1,1,2024
212(a)(2)(G) Foreign,government officials who have engaged in violations of religious freedom,1,0,0,0,2024
212(a)(2)(H) Significant,traffickers in persons,1,0,9,2,2024
212(a)(2)(I) Money,Laundering,5,0,51,18,2024
"212(a)(3)(A)(i) Espionage,","sabotage, technology transfer, etc.",3,0,136,18,2024
212(a)(3)(A)(ii) Other,Unlawful Activity,37,0,105,5,2024
212(a)(3)(A)(iii) Act,to Overthrow U.S. Government,0,0,0,0,2024
212(a)(3)(B) Terrorist,Activities,155,0,629,317,2024
212(a)(3)(C) Foreign,Policy,0,0,6,1,2024
212(a)(3)(D) Immigrant,Membership in Totalitarian Party,134,11,0,0,2024
212(a)(3)(E)(i) Participants,in Nazi Persecutions,0,0,0,0,2024
212(a)(3)(E)(ii) Participants,in Genocide,1,0,0,0,2024
212(a)(3)(E)(iii) Commission,of Acts of Torture or Extrajudicial Killings,1,0,2,0,2024
212(a)(3)(F) Association,with Terrorist Organizations,0,0,0,0,2024
212(a)(3)(G) Recruitment,or Use of Child Soldiers,0,0,1,0,2024
212(a)(4) Public,Charge,1008,846,74,30,2024
212(a)(5)(A) Labor,Certification (immigrants only),252,194,0,0,2024
212(a)(5)(B) Unqualified,Physician (immigrants only),5,0,0,0,2024
212(a)(5)(C) Uncertified,foreign health-care workers,2,0,0,0,2024
212(a)(6)(B) Failure,to attend removal proceedings,57,30,12,2,2024
212(a)(6)(C)(i),Misrepresentation,6422,1026,17726,4047,2024
212(a)(6)(C)(ii) Falsely,claiming citizenship,424,0,1538,405,2024
212(a)(6)(E) Smugglers,of aliens,4285,929,4670,816,2024
212(a)(6)(F) Subject,of civil penalty (under INA 274C),2,0,2,0,2024
212(a)(6)(G) Student,visa abusers,0,0,0,0,2024
212(a)(7)(B) Documentation,requirement for nonimmigrants,0,0,318,281,2024
212(a)(8)(A) Immigrant,permanently ineligible for citizenship,5,0,0,0,2024
212(a)(8)(B) Draft,evader,0,0,4,1,2024
212(a)(9)(A)(i) Ordered,removed upon arrival - expedited removal,472,278,1660,98,2024
212(a)(9)(A)(i) Ordered,removed upon arrival - multiple removals,370,98,737,22,2024
212(a)(9)(A)(i) Ordered,removed upon arrival - convicted aggravated felony,40,3,164,11,2024
212(a)(9)(A)(ii) Ordered,removed or departed while removal order outstanding,551,300,543,52,2024
212(a)(9)(A)(ii) Ordered,removed or departed while removal order outstanding - multiple removals,374,65,322,10,2024
212(a)(9)(A)(ii) Ordered,removed or departed while removal order outstanding - convicted aggravated felony,247,8,509,32,2024
212(a)(9)(B)(i)(I) Unlawfully,present 181-364 days (within 3 years),139,85,819,155,2024
212(a)(9)(B)(i)(I) Unlawfully,present 181-364 days (within 3 years) (provisional waiver),47,49,0,0,2024
212(a)(9)(B)(i)(II) Unlawfully,present 365 or more days (within 10 years),3502,2029,6812,498,2024
212(a)(9)(B)(i)(II) Unlawfully,present 365 or more days (within 10 years) (provisional waiver),15986,15982,0,0,2024
212(a)(9)(C) Unlawfully,present after previous immigration violations,4334,1147,12025,2300,2024
212(a)(10)(A) Practicing,polygamist (immigrants only),11,2,0,0,2024
212(a)(10)(C)(i) International,child abductor,0,0,1,0,2024
212(a)(10)(C)(ii) Aliens,supporting abductors and relatives of abductors,0,0,0,0,2024
212(a)(10)(D) Unlawful,voter,1,0,1,0,2024
212(a)(10)(E) Former,U.S. citizen who renounced citizenship to avoid taxation,0,0,0,0,2024
212(e) Foreign,residence requirement: Former exchange visitors,15,11,53,37,2024
212(f) Presidential,proclamation suspending the entry of any class of aliens,0,245,1102,48,2024
214(b) Failure,to establish entitlement to nonimmigrant status,0,0,3010544,11910,2024
221(g) Application,does not comply with provisions of INA or regulations issued pursuant thereto,225278,191245,809735,672461,2024
222(g)(2) Alien,"in illegal status, required to apply for new nonimmigrant visa in country of alien's nationality",0,0,103,3,2024
243(d) National,of a country denying or delaying accepting an alien,1,2,320,381,2024
8 U.S.C.,§ 1182e Any person who has been directly involved in the establishment or enforcement of forced abortion or sterilization,36,1,491,5,2024
8 U.S.C.,§ 1182f Direct Involvement in Coerced Organ/Tissue Transplantation,4,1,0,0,2024
Misc. Executive,Treasury or State Designation for Sanctions Orders,0,0,0,0,2024
22 U.S.C.,§ 10102 Sergei Magnitsky Rule of Law Accountability Act,0,0,0,0,2024
Sec. 5(a)(1),of the Visa restrictions for certain Burmese nationals,4,0,12,2,2024
Sec.103 Pub.,Law Disclosure/trafficking of confidential U.S. 105-227 business information,0,0,0,0,2024
Sec. 401,Pub. Law Helms-Burton refusal,0,0,0,0,2024
Sec. 402,Pub. Law Conversion of confiscated U.S. property for gain,0,0,0,0,2024
Sec. 501,Pub. Law Iranian Citizen Studying in Certain Energy- 112-158 Related Fields,0,0,80,4,2024
Sec. 306,Pub. Law Inadmissible alien from a country that is a state 107-173 sponsor of terrorism,0,0,271,8,2024
Sec. 3205,Pub. Individuals who aided and abetted Colombian Law 106-246 insurgent and paramilitary groups,1,0,0,0,2024
"Sec. 7031(c),",Pub. Corruption and Gross Violation of Human Rights Law 116-94 by Government Officials,2,0,21,16,2024
TOTAL,Total Grounds of Ineligibility,273845,216929,3891139,699371,2024
